{"data":{"wpMenu":{"menuItems":{"nodes":[{"path":"/albany-wa/","label":"Albany WA"},{"path":"/broome-wa/","label":"Broome WA"},{"path":"/bunbury-wa/","label":"Bunbury WA"},{"path":"/busselton-wa/","label":"Busselton WA"},{"path":"/esperance-wa/","label":"Esperance WA"},{"path":"/geraldton-wa/","label":"Geraldton WA"},{"path":"/kalgoorlie-wa/","label":"Kalgoorlie WA"},{"path":"/kwinana-wa-2/","label":"Kwinana WA"},{"path":"/mandurah-wa/","label":"Mandurah WA"},{"path":"/rockingham-wa/","label":"Rockingham WA"}]}}}}