{"data":{"wpMenu":{"menuItems":{"nodes":[{"path":"/","childItems":{"nodes":[]},"label":"Home","parentId":null},{"path":"/crime-scene-cleaning/","childItems":{"nodes":[]},"label":"Services","parentId":null},{"path":"/coronavirus-decontamination-cleaning/","childItems":{"nodes":[]},"label":"COVID-19 Cleaning","parentId":null},{"path":"/blog/","childItems":{"nodes":[]},"label":"Blog","parentId":null},{"path":"#","childItems":{"nodes":[{"path":"/albany-wa/","label":"Albany WA"},{"path":"/broome-wa/","label":"Broome WA"},{"path":"/bunbury-wa/","label":"Bunbury WA"},{"path":"/busselton-wa/","label":"Busselton WA"},{"path":"/esperance-wa/","label":"Esperance WA"},{"path":"/geraldton-wa/","label":"Geraldton WA"},{"path":"/kalgoorlie-wa/","label":"Kalgoorlie WA"},{"path":"/kwinana-wa/","label":"Kwinana WA"},{"path":"/mandurah-wa/","label":"Mandurah WA"},{"path":"/rockingham-wa/","label":"Rockingham WA"},{"path":"/faq/","label":"FAQ Page"},{"path":"#","label":"Media"},{"path":"#","label":"test"},{"path":"#","label":"test"}]},"label":"Locations","parentId":null},{"path":"/albany-wa/","childItems":{"nodes":[]},"label":"Albany WA","parentId":"bmF2X21lbnVfaXRlbToyMDk1"},{"path":"/broome-wa/","childItems":{"nodes":[]},"label":"Broome WA","parentId":"bmF2X21lbnVfaXRlbToyMDk1"},{"path":"/bunbury-wa/","childItems":{"nodes":[]},"label":"Bunbury WA","parentId":"bmF2X21lbnVfaXRlbToyMDk1"},{"path":"/busselton-wa/","childItems":{"nodes":[]},"label":"Busselton WA","parentId":"bmF2X21lbnVfaXRlbToyMDk1"},{"path":"/esperance-wa/","childItems":{"nodes":[]},"label":"Esperance WA","parentId":"bmF2X21lbnVfaXRlbToyMDk1"},{"path":"/geraldton-wa/","childItems":{"nodes":[]},"label":"Geraldton WA","parentId":"bmF2X21lbnVfaXRlbToyMDk1"},{"path":"/kalgoorlie-wa/","childItems":{"nodes":[]},"label":"Kalgoorlie WA","parentId":"bmF2X21lbnVfaXRlbToyMDk1"},{"path":"/kwinana-wa/","childItems":{"nodes":[]},"label":"Kwinana WA","parentId":"bmF2X21lbnVfaXRlbToyMDk1"},{"path":"/mandurah-wa/","childItems":{"nodes":[]},"label":"Mandurah WA","parentId":"bmF2X21lbnVfaXRlbToyMDk1"},{"path":"/rockingham-wa/","childItems":{"nodes":[]},"label":"Rockingham WA","parentId":"bmF2X21lbnVfaXRlbToyMDk1"},{"path":"/faq/","childItems":{"nodes":[]},"label":"FAQ Page","parentId":"bmF2X21lbnVfaXRlbToyMDk1"},{"path":"#","childItems":{"nodes":[]},"label":"Media","parentId":"bmF2X21lbnVfaXRlbToyMDk1"},{"path":"#","childItems":{"nodes":[]},"label":"test","parentId":"bmF2X21lbnVfaXRlbToyMDk1"},{"path":"#","childItems":{"nodes":[]},"label":"test","parentId":"bmF2X21lbnVfaXRlbToyMDk1"},{"path":"/contact/","childItems":{"nodes":[]},"label":"Contact us","parentId":null}]},"id":"dGVybToxMw=="}}}