{"polyfill":["/polyfill-64e0796a510ed393492a.js"],"app":["/app-8bfcc005839762ed7946.js"],"component---src-pages-404-js":["/component---src-pages-404-js-a272357377623a6bbeb3.js"],"component---src-pages-contact-js":["/component---src-pages-contact-js-2948bb91ea5be919ae7e.js"],"component---src-pages-index-js":["/component---src-pages-index-js-57b19c2b2455846e402a.js"],"component---src-templates-blog-js":["/component---src-templates-blog-js-c48fda783c2e9500d7ba.js"],"component---src-templates-page-js":["/component---src-templates-page-js-fdf2c3aa5327b444296e.js"]}