{"errors":[],"warnings":[],"namedChunkGroups":{"polyfill":{"chunks":[5,0,12],"assets":["webpack-runtime-9b51c997d2fb810c9084.js","webpack-runtime-9b51c997d2fb810c9084.js.map","commons-34d5e25f38137750b7e6.js","commons-34d5e25f38137750b7e6.js.map","polyfill-64e0796a510ed393492a.js","polyfill-64e0796a510ed393492a.js.map"],"children":{},"childAssets":{}},"app":{"chunks":[5,3,6],"assets":["webpack-runtime-9b51c997d2fb810c9084.js","webpack-runtime-9b51c997d2fb810c9084.js.map","framework-a667c053e846327a7b3c.js","framework-a667c053e846327a7b3c.js.map","app-8bfcc005839762ed7946.js","app-8bfcc005839762ed7946.js.map"],"children":{},"childAssets":{}},"component---src-pages-404-js":{"chunks":[2,1,0,7],"assets":["styles.5878f88c5fd23682e1e3.css","styles-2d82ac8e3afc0c213061.js","styles-2d82ac8e3afc0c213061.js.map","95b64a6e-a83b6e7dcd0c460ac5d4.js","95b64a6e-a83b6e7dcd0c460ac5d4.js.map","commons-34d5e25f38137750b7e6.js","commons-34d5e25f38137750b7e6.js.map","component---src-pages-404-js-a272357377623a6bbeb3.js","component---src-pages-404-js-a272357377623a6bbeb3.js.map"],"children":{},"childAssets":{}},"component---src-pages-contact-js":{"chunks":[2,3,1,0,4,8],"assets":["styles.5878f88c5fd23682e1e3.css","styles-2d82ac8e3afc0c213061.js","styles-2d82ac8e3afc0c213061.js.map","framework-a667c053e846327a7b3c.js","framework-a667c053e846327a7b3c.js.map","95b64a6e-a83b6e7dcd0c460ac5d4.js","95b64a6e-a83b6e7dcd0c460ac5d4.js.map","commons-34d5e25f38137750b7e6.js","commons-34d5e25f38137750b7e6.js.map","d45264a4de1f650f185c596d620c9318dc1eb06b-5246e8a29f120a508852.js","d45264a4de1f650f185c596d620c9318dc1eb06b-5246e8a29f120a508852.js.map","component---src-pages-contact-js-2948bb91ea5be919ae7e.js","component---src-pages-contact-js-2948bb91ea5be919ae7e.js.map"],"children":{},"childAssets":{}},"component---src-pages-index-js":{"chunks":[2,3,1,0,4,9],"assets":["styles.5878f88c5fd23682e1e3.css","styles-2d82ac8e3afc0c213061.js","styles-2d82ac8e3afc0c213061.js.map","framework-a667c053e846327a7b3c.js","framework-a667c053e846327a7b3c.js.map","95b64a6e-a83b6e7dcd0c460ac5d4.js","95b64a6e-a83b6e7dcd0c460ac5d4.js.map","commons-34d5e25f38137750b7e6.js","commons-34d5e25f38137750b7e6.js.map","d45264a4de1f650f185c596d620c9318dc1eb06b-5246e8a29f120a508852.js","d45264a4de1f650f185c596d620c9318dc1eb06b-5246e8a29f120a508852.js.map","component---src-pages-index-js-57b19c2b2455846e402a.js","component---src-pages-index-js-57b19c2b2455846e402a.js.map"],"children":{},"childAssets":{}},"component---src-templates-blog-js":{"chunks":[2,1,0,10],"assets":["styles.5878f88c5fd23682e1e3.css","styles-2d82ac8e3afc0c213061.js","styles-2d82ac8e3afc0c213061.js.map","95b64a6e-a83b6e7dcd0c460ac5d4.js","95b64a6e-a83b6e7dcd0c460ac5d4.js.map","commons-34d5e25f38137750b7e6.js","commons-34d5e25f38137750b7e6.js.map","component---src-templates-blog-js-c48fda783c2e9500d7ba.js","component---src-templates-blog-js-c48fda783c2e9500d7ba.js.map"],"children":{},"childAssets":{}},"component---src-templates-page-js":{"chunks":[2,1,0,11],"assets":["styles.5878f88c5fd23682e1e3.css","styles-2d82ac8e3afc0c213061.js","styles-2d82ac8e3afc0c213061.js.map","95b64a6e-a83b6e7dcd0c460ac5d4.js","95b64a6e-a83b6e7dcd0c460ac5d4.js.map","commons-34d5e25f38137750b7e6.js","commons-34d5e25f38137750b7e6.js.map","component---src-templates-page-js-fdf2c3aa5327b444296e.js","component---src-templates-page-js-fdf2c3aa5327b444296e.js.map"],"children":{},"childAssets":{}}},"assetsByChunkName":{"polyfill":["webpack-runtime-9b51c997d2fb810c9084.js","commons-34d5e25f38137750b7e6.js","polyfill-64e0796a510ed393492a.js"],"app":["webpack-runtime-9b51c997d2fb810c9084.js","framework-a667c053e846327a7b3c.js","app-8bfcc005839762ed7946.js"],"component---src-pages-404-js":["styles.5878f88c5fd23682e1e3.css","styles-2d82ac8e3afc0c213061.js","95b64a6e-a83b6e7dcd0c460ac5d4.js","commons-34d5e25f38137750b7e6.js","component---src-pages-404-js-a272357377623a6bbeb3.js"],"component---src-pages-contact-js":["styles.5878f88c5fd23682e1e3.css","styles-2d82ac8e3afc0c213061.js","framework-a667c053e846327a7b3c.js","95b64a6e-a83b6e7dcd0c460ac5d4.js","commons-34d5e25f38137750b7e6.js","d45264a4de1f650f185c596d620c9318dc1eb06b-5246e8a29f120a508852.js","component---src-pages-contact-js-2948bb91ea5be919ae7e.js"],"component---src-pages-index-js":["styles.5878f88c5fd23682e1e3.css","styles-2d82ac8e3afc0c213061.js","framework-a667c053e846327a7b3c.js","95b64a6e-a83b6e7dcd0c460ac5d4.js","commons-34d5e25f38137750b7e6.js","d45264a4de1f650f185c596d620c9318dc1eb06b-5246e8a29f120a508852.js","component---src-pages-index-js-57b19c2b2455846e402a.js"],"component---src-templates-blog-js":["styles.5878f88c5fd23682e1e3.css","styles-2d82ac8e3afc0c213061.js","95b64a6e-a83b6e7dcd0c460ac5d4.js","commons-34d5e25f38137750b7e6.js","component---src-templates-blog-js-c48fda783c2e9500d7ba.js"],"component---src-templates-page-js":["styles.5878f88c5fd23682e1e3.css","styles-2d82ac8e3afc0c213061.js","95b64a6e-a83b6e7dcd0c460ac5d4.js","commons-34d5e25f38137750b7e6.js","component---src-templates-page-js-fdf2c3aa5327b444296e.js"]}}